Modelo,Acurácia Teste
RandomForest,0.973780376393203
XGBoost,0.9807235519824593
MLP,0.8649278275169011
CNN,0.9676137401790609
